"Distance";"Signal Strength"
8.632887929308477;-56.96
34.74430786474239;-92.14285714285714
20.914707743595176;-83.0
22.139151293579435;-68.79166666666667
4.057203593609766;-71.57142857142857
12.67320985386102;-74.25
17.151082064989367;-79.63636363636364
30.768833127045944;-74.5
32.05711315761293;-84.0
13.22353920098549;-76.0
22.283710507902406;-72.16
24.18682492597985;-92.16666666666667
11.69104443580641;-59.666666666666664
12.734987279145589;-73.44444444444444
10.001787240288609;-70.69565217391305
8.120475109253153;-61.82608695652174
24.356920823453855;-62.0
34.28171530130895;-95.0
17.956600151476337;-87.95238095238095
5.72134197544597;-56.708333333333336
32.280612277340715;-92.52380952380952
20.144602254698405;-78.44
25.4867420436587;-74.65217391304348
7.38206617418186;-78.3
14.371299454120354;-79.03846153846153
19.28319517092538;-81.25
33.83674174621428;-80.0
31.0218391459952;-81.31818181818181
12.913287304168525;-74.875
18.901131024359362;-81.69565217391305
11.500631287020726;-58.95454545454545
6.822602216163565;-62.05555555555556
12.53809188034607;-67.875
13.692922113267132;-69.8695652173913
21.73769978631594;-59.541666666666664
2.5767720116455783;-53.52
24.715641383544956;-87.2
13.975872065813999;-73.11111111111111
31.062711085801894;-90.10526315789474
13.809123831728066;-90.36363636363636
14.33032616516456;-88.73684210526316
40.67066623501513;-88.91666666666667
24.154802917846382;-82.65217391304348
8.59232151400307;-59.3
24.094143562285005;-85.45833333333333
9.380006396586305;-52.08695652173913
11.569265361292393;-77.13333333333334
20.03805749068507;-71.21739130434783
20.801108528153012;-71.16
15.309722139869164;-59.625
3.894323304503621;-50.68
22.793945007391766;-85.4
13.707114940788964;-73.71428571428571
33.178095484822514;-87.57894736842105
15.897449512421796;-89.6
15.9886912535079;-90.41176470588235
21.25637824277692;-90.71428571428571
42.764109858618596;-93.64285714285714
23.287990553072632;-81.0
9.481507738751258;-58.888888888888886
23.7198809862107;-72.36
24.998649963548033;-93.0
11.3530841624644;-59.08695652173913
14.210309672910016;-70.66666666666667
10.960919122044466;-68.91304347826087
8.37150619661719;-61.416666666666664
24.196520245688223;-59.76
34.85923125945264;-92.7
19.036005069341623;-88.625
6.523247197523638;-57.52
32.79280300614755;-94.0
19.73537433138779;-80.91304347826087
24.19785155752469;-74.25
6.164243749236397;-73.29411764705883
13.053361559383852;-75.66666666666667
17.88104068559769;-80.69565217391305
32.87684735493962;-75.0
30.757673904247053;-86.2
12.265112677835454;-77.85714285714286
20.13260425280346;-79.32
26.429008683641545;-93.0
10.31874604784903;-57.69565217391305
8.264435915414916;-59.94444444444444
12.621796544074066;-71.80952380952381
13.17710575202309;-67.4
21.13621517680022;-64.04
19.115346949506304;-92.0
14.372917379571902;-60.56
13.295898954188845;-76.9
9.195923009682062;-55.375
40.826192817846724;-93.33333333333333
20.435025030569452;-94.0
51.63492124521931;-94.0
14.255613069945468;-72.79166666666667
12.29455119148316;-71.625
15.897948106595392;-59.16
13.043846403572836;-74.34782608695652
7.904745410195067;-56.75
41.14117183552263;-93.33333333333333
52.25662725434928;-94.5
12.143249318036753;-71.16666666666667
12.3526106147648;-69.71428571428571
17.39510718564275;-63.0
11.986364294480625;-81.86363636363636
8.380035799446205;-57.8235294117647
42.378674118004206;-92.66666666666667
11.023361737691458;-74.95454545454545
13.55868684644645;-69.0625
25.07183188360994;-84.24
7.886477033504884;-52.23809523809524
12.474009018755758;-76.23529411764706
20.09053876828593;-73.95238095238095
20.465241655059927;-67.0
14.442977255399942;-59.041666666666664
18.87102948967014;-63.08
9.867822910855262;-81.26315789473684
10.381955499808308;-62.68421052631579
23.54778647771378;-94.66666666666667
11.197790139130133;-71.3913043478261
15.649568332704899;-74.16666666666667
24.81021471088068;-72.91666666666667
12.706711612372416;-56.43478260869565
15.991432112228097;-75.06666666666666
11.08529422252743;-68.65384615384616
7.52888544208238;-63.88
25.628335724350112;-65.125
34.14896783213221;-92.75
7.144001259798321;-55.76
19.475521276720684;-86.34782608695652
12.871868551224411;-69.63636363636364
36.29787900139621;-88.36842105263158
19.21733334778788;-90.0
18.139852480105787;-91.78571428571429
23.25656070875485;-89.72727272727273
46.07670878003333;-88.9047619047619
21.278216654597728;-77.63636363636364
10.710788439699478;-66.0
9.315994525545836;-71.32
19.193032589979104;-86.6086956521739
21.098069105963226;-68.18181818181819
4.054984710205452;-65.33333333333333
9.985877427647507;-65.12
14.46181579193982;-75.56521739130434
30.66723971928351;-70.58333333333333
30.412530378118824;-90.93333333333334
11.371916681017321;-84.6842105263158
4.13784412466202;-53.08
29.657695948943843;-90.0952380952381
20.651997482083907;-76.28571428571429
30.150356880143228;-82.69565217391305
12.04267001125581;-83.83333333333333
18.016721344351197;-83.2
23.18692769644137;-86.625
37.98903910340455;-81.33333333333333
30.811856549062412;-84.72727272727273
14.524599443702396;-77.16666666666667
24.992674006596417;-63.72
10.375833894198577;-62.34782608695652
12.474173319302565;-70.47368421052632
48.08007924286315;-92.4
6.202781956509514;-58.34782608695652
19.666544917702247;-74.57142857142857
7.759365566848877;-58.56
34.195568850364225;-93.0
21.195400444436054;-79.72727272727273
23.44525581007808;-72.30434782608695
5.334594736247544;-76.71428571428571
13.86557780981377;-72.2
18.487012089572502;-81.22727272727273
31.721587160796354;-70.64
32.240944527107146;-87.22727272727273
13.663161749756167;-76.72727272727273
10.182521986227183;-52.24
18.704222223872343;-81.0
7.463578230312858;-60.34782608695652
35.43492655558919;-88.88888888888889
19.934766138583115;-91.5
15.342563279973787;-91.75
46.24613596831632;-91.9
16.595617011729335;-71.3913043478261
7.194650026234771;-62.95
20.85652785101106;-77.66666666666667
23.442962696724152;-92.0
12.205266076575308;-63.52173913043478
11.266183959087478;-66.3529411764706
9.188566155826491;-62.43478260869565
8.142611129115771;-62.666666666666664
24.60787662517837;-59.666666666666664
16.941354402762492;-86.85
15.872169164925127;-60.38461538461539
12.075261032375241;-74.5
9.370432220554182;-54.11764705882353
42.019448116318706;-93.83333333333333
52.95085544162625;-93.5
13.144523726632322;-69.58333333333333
13.33817787405761;-73.6
34.23109338014198;-86.86363636363636
15.847287465052181;-69.35
22.52837990180386;-78.25
32.03803595728053;-73.4
32.54212832621739;-78.56521739130434
9.346849308724305;-48.208333333333336
14.401380281070283;-63.4
14.181358503331055;-76.9090909090909
7.697077367416804;-53.38095238095238
39.9216735621141;-95.5
13.338009746585135;-69.52173913043478
11.217664150793604;-66.66666666666667
18.892716956541747;-60.56
11.03195037153449;-71.16666666666667
9.081024171314597;-59.0
43.63264855586926;-93.0
10.003524578867191;-72.08333333333333
14.818535318984802;-74.75
17.371550132328434;-63.8
10.924418931915785;-77.9090909090909
9.774712271980183;-61.23809523809524
43.231817218340474;-93.33333333333333
54.276340075579895;-93.125
12.117528790970542;-73.56
14.462295426383738;-69.15789473684211
11.934226158406751;-73.48
19.280365660432896;-90.6875
18.78969185484424;-60.04545454545455
4.410090815391447;-63.46666666666667
7.964279502880346;-65.52
11.871146364189094;-74.47826086956522
29.12736843588861;-65.79166666666667
30.467720689280323;-91.8
11.518701706355625;-86.71428571428571
23.5008245387263;-64.32
10.565364593803661;-72.52173913043478
11.196651285094127;-67.8
46.75294664510462;-91.63636363636364
58.462441721159756;-92.66666666666667
6.4744500924788975;-56.45454545454545
18.24889007583749;-75.72222222222223
5.717670329775931;-51.52
20.91088063664465;-81.05263157894737
13.763902063005244;-73.6875
35.294192440116824;-89.3529411764706
17.993496074971087;-90.0
17.745936098160616;-91.71428571428571
22.95442475863858;-92.5
44.86017267019823;-88.80952380952381
22.58775119395466;-79.32
10.722405933371483;-58.0
7.541336353724053;-64.72
19.4336049151978;-82.8
22.93464671626751;-71.66666666666667
5.0991078631462585;-68.08333333333333
11.77905972478279;-70.45454545454545
16.496109117000895;-78.61111111111111
31.958552720672444;-77.54166666666667
30.5649227710459;-90.55555555555556
11.773401759899302;-80.25
11.535673105631938;-55.32
15.24430808531499;-80.6086956521739
11.018393712333935;-65.94444444444444
39.49815210867465;-90.9090909090909
19.961519180663583;-94.0
49.819143830459396;-92.625
17.533696244659883;-79.04761904761905
11.873246775840212;-71.78571428571429
7.09850364513536;-57.84615384615385
33.70470188267507;-92.6
21.576955299578298;-80.85714285714286
24.773332839971292;-71.38095238095238
6.704841608867431;-78.15384615384616
15.112850426044718;-78.24
19.846400580457907;-82.6
32.71539533614106;-77.23076923076923
32.49305316525365;-79.64
14.247876648820341;-79.84615384615384
34.9261614552759;-86.88
15.011612838066402;-67.0
23.006105733044;-78.53333333333333
32.07088629894721;-78.33333333333333
32.32847221877335;-78.63636363636364
7.847011660498537;-49.583333333333336
3.9980937957981926;-51.2
23.32153359022515;-90.23809523809524
12.750098038838761;-67.71428571428571
32.058509322799146;-90.84210526315789
15.07421311379138;-86.28571428571429
14.508419900182101;-93.11111111111111
19.766730028004126;-93.2
41.90144498701686;-89.875
22.737864983326823;-85.14285714285714
8.036105337786458;-59.31578947368421
2.4126238828296467;-50.0
24.218441919330814;-86.9
14.854124006483858;-72.08695652173913
32.216921330257485;-87.57142857142857
14.703363594769735;-90.0
15.82726280820534;-90.55
21.13933811641225;-93.14285714285714
41.55888703995814;-92.33333333333333
24.67335615598332;-81.1304347826087
9.957308321027325;-61.166666666666664
8.737205159546157;-58.8
19.970401322957933;-82.57142857142857
8.39434333345974;-65.3913043478261
34.275034937983655;-91.54545454545455
18.516341458290295;-90.5
14.569085352210687;-93.33333333333333
44.93414171874211;-92.22222222222223
17.996069126339787;-76.05
6.55835261327111;-61.6
10.599846885686604;-67.36
19.178177702795438;-87.875
19.920856407293336;-62.28
3.9618052703281617;-59.63157894736842
8.906388044544208;-61.666666666666664
13.144737197829404;-71.34782608695652
29.86957636124088;-69.88
30.403157796518443;-90.6
11.346827265804306;-84.88235294117646
21.954196728643936;-59.56
6.863375918598659;-66.42105263157895
13.25084902940185;-66.07142857142857
58.964761442746465;-92.0
11.217063073728346;-67.73684210526316
18.96657557388787;-78.0
14.58488100739941;-60.04
15.163803249844676;-76.36363636363636
6.19879020454798;-57.34782608695652
39.05383489492421;-90.875
18.215439824500532;-89.81818181818181
50.24528925182938;-92.4
12.533255921746754;-72.17391304347827
10.247730919574343;-72.0
30.27049312449336;-88.95238095238095
12.498180667601185;-64.83333333333333
18.26603134235787;-77.86666666666666
27.538041833071574;-74.04347826086956
28.113628652310254;-77.25
10.428211351904986;-55.6
19.34339044738538;-80.04
11.350441401108592;-58.5
8.021278015378845;-63.0
11.133092472444483;-69.36
11.751515476737458;-70.72
22.535917820226448;-68.125
17.766470921373216;-89.18181818181819
24.88603532103899;-65.0
8.87850939065787;-66.26086956521739
13.282507293429202;-69.38888888888889
7.700292461978311;-57.45454545454545
20.18893233927936;-82.35
26.205948828462592;-84.32
8.175605176376854;-61.333333333333336
13.65872984577995;-74.93333333333334
21.586888335283525;-73.95652173913044
21.940011759340514;-69.83333333333333
13.208769511199748;-60.28
13.30393753743605;-67.12
19.49775628117246;-89.0
17.71339944787561;-60.904761904761905
5.263259541386876;-59.63636363636363
7.21358080290226;-62.69565217391305
10.65664656446858;-74.7
28.444957233225015;-66.96
30.605751158891692;-91.5
11.87899360215334;-87.64285714285714
2.1579513432883517;-47.0
25.26206501852135;-88.4
16.96245854821759;-75.95
32.51325914146412;-87.36842105263158
14.633724782159872;-87.3125
17.306364378459158;-92.41666666666667
22.627850450274767;-91.0
41.322525237453725;-88.9047619047619
26.63716396315494;-82.47826086956522
11.946421598118826;-65.55555555555556
19.032964929300952;-62.26923076923077
12.269226911260546;-81.28571428571429
7.851432990225414;-59.5
42.84005158727052;-90.93333333333334
21.649717042030826;-93.0
54.3228597553553;-93.0
8.902275214797621;-73.52380952380952
14.09854563421348;-71.52941176470588
6.713401075460932;-59.12
33.27426827144363;-93.0
22.05413793373026;-84.55555555555556
26.120031010701346;-78.3
8.121077576282596;-79.55555555555556
16.402507369301805;-79.54166666666667
21.224740658015115;-76.45833333333333
33.746630824424535;-79.57142857142857
32.81186529290891;-88.85714285714286
14.960681435014918;-78.77777777777777
19.44031260036731;-71.24
22.773723893996785;-95.0
12.874646402911422;-63.91304347826087
9.806829304112517;-69.47058823529412
8.562928704596343;-64.35714285714286
8.435764102913263;-62.7
24.94665492606173;-62.22727272727273
16.00248383845458;-85.5
18.05817692902581;-76.96
12.434649974969139;-60.82608695652174
6.525940621856745;-59.25
11.038104366239704;-62.125
12.327129268406331;-68.95454545454545
23.100986818748677;-64.64
31.054335510520907;-85.8695652173913
11.420005253939246;-62.45454545454545
18.85207948741995;-76.8
27.57625333507074;-75.3076923076923
27.866038756881107;-74.56
9.108215632054394;-49.8
5.1571071348189;-60.6
31.446429511154363;-89.33333333333333
21.25899809492442;-82.80952380952381
28.127389142968816;-81.91304347826087
10.049323410060998;-82.11764705882354
17.09743395951568;-77.82608695652173
22.12603932022177;-80.04166666666667
35.86782809148053;-79.41666666666667
31.756802483877376;-87.30434782608695
14.590852922293474;-76.46153846153847
25.272173511591756;-82.64
9.62437114828808;-55.333333333333336
12.837752957585685;-74.75
21.53805348679402;-72.61538461538461
22.25363152386594;-70.43478260869566
14.151310610681968;-58.73913043478261
4.615598986047206;-53.875
23.93165119668929;-88.6875
11.905670917676165;-73.11111111111111
30.97111589852713;-90.6875
14.36088092701837;-89.5
13.03266081811385;-93.35714285714286
41.07545607780881;-90.23076923076923
22.275333981783533;-81.4
6.615057747291401;-53.92857142857143
2.6016829168828393;-48.083333333333336
28.055853738569425;-90.8
15.922468401601558;-74.33333333333333
28.00253595658793;-82.45833333333333
10.493564742259895;-84.2
12.95925337355513;-88.31818181818181
18.24082278845995;-91.1
37.36052852945205;-82.91304347826087
26.627476485765605;-81.1304347826087
9.219869250699817;-66.75
13.016019130287109;-61.125
13.871551066841803;-80.95454545454545
10.753836524701311;-58.22727272727273
40.61969990041778;-90.125
24.42265139168964;-90.0
16.370293338850104;-71.86363636363636
12.598610597998494;-70.5
5.235910045063799;-57.77777777777778
31.830927240657005;-92.33333333333333
20.65490256573485;-81.5
26.79761220706054;-75.47826086956522
8.688607540912411;-79.0
15.721903447102072;-80.08695652173913
20.699072829477167;-84.2
34.83479714308668;-79.5
31.355613596292454;-91.0
13.695728859757702;-79.375
29.802965523585062;-89.16
10.381354439570975;-58.82608695652174
17.50545346456355;-82.29411764705883
26.07845371182885;-78.46153846153847
26.381397157845907;-78.27272727272727
9.95427506149996;-51.26086956521739
6.652124021694123;-57.84
32.90663958838702;-91.9
22.62089741809551;-83.88888888888889
27.482613048980625;-75.47826086956522
9.562891874323373;-82.3125
17.725299658962047;-81.4
22.61856794759562;-78.77272727272727
34.81196765481664;-83.625
33.19545908704985;-89.21739130434783
15.784232290485336;-77.94736842105263
16.65195946427927;-72.84
21.685997786590313;-91.92307692307692
14.588780620737293;-65.12
6.940309863399472;-59.46666666666667
8.038143317955956;-66.76
9.715045856814058;-70.27272727272727
25.872989622384193;-64.24
32.56556469647042;-92.45454545454545
14.41247685167265;-87.76190476190476
20.460736888000884;-60.833333333333336
7.750801829488353;-74.76470588235294
12.423566315676025;-62.0
46.54825474709014;-91.66666666666667
11.758677816829579;-65.33333333333333
17.747675594285578;-72.94444444444444
3.458143143364658;-49.04
25.292151529674182;-91.16666666666667
13.210034065058275;-69.19047619047619
29.939171999238724;-89.94736842105263
13.026699543629615;-88.16666666666667
12.834104877240174;-89.47619047619048
18.142536096147083;-91.0
39.81915483784155;-90.42857142857143
23.719917875068624;-81.95454545454545
7.280658555378078;-59.611111111111114
16.064362856957633;-62.28
14.105740994361126;-78.35
6.454843142943133;-59.31818181818182
40.29960322385321;-92.33333333333333
19.311609150974448;-90.5
51.596677141071794;-92.33333333333333
11.25337744857072;-75.73684210526316
11.47898031185697;-69.55555555555556
2.9097687193314865;-56.36
28.188826314694268;-89.45454545454545
19.384143004012326;-76.15789473684211
30.885271894545465;-88.25
12.789288525950143;-87.21428571428571
17.65611078352195;-89.16
22.904052392535252;-91.4
39.07422541778659;-85.63636363636364
29.40963284367896;-85.42857142857143
13.554150250015676;-73.88888888888889
24.86957486568679;-65.44
7.382271262965077;-63.09090909090909
14.203696701915312;-73.8
49.5304958586122;-93.0
9.198614243460804;-57.34782608695652
20.806561200736656;-78.53333333333333
18.037648239169098;-71.28
22.18586261563882;-92.5
13.676422046719676;-61.666666666666664
8.361871859817034;-66.11111111111111
8.168093290358529;-66.69565217391305
8.973411614319271;-68.08
25.369737720362817;-60.5
32.900547168702225;-92.66666666666667
15.15419047656456;-90.28571428571429
28.98530237896441;-89.54166666666667
11.55683866807874;-65.86363636363636
16.87269690950442;-81.5
26.03804424299183;-74.9047619047619
26.642787316645382;-75.54166666666667
11.174774807574424;-54.125
14.699107251802744;-68.96
19.826560468220404;-85.0
16.702590218286502;-60.476190476190474
6.36041673163009;-60.0
6.7187608976655815;-66.43478260869566
9.523870851707304;-70.04166666666667
27.82674238929164;-67.79166666666667
30.816262005635924;-91.92307692307692
12.41130488707775;-84.4
17.54732897052996;-60.96
13.134037041214707;-79.23809523809524
7.028869041318097;-59.55555555555556
41.56217054004759;-92.0
27.15869844083107;-91.0
20.459087174162978;-94.0
52.956067565482996;-93.2
10.034665116484957;-70.65
12.767849818978918;-71.5625
23.97794307274917;-85.20833333333333
7.877342191373941;-52.27272727272727
11.364017819415807;-70.66666666666667
18.594777438840186;-76.45454545454545
18.994423286849223;-72.88461538461539
15.723472644425597;-58.6
22.01008300756724;-61.84
10.95882881516086;-71.5
9.981232388838563;-68.82352941176471
45.436571393537164;-92.3
24.134669005395537;-92.5
57.07651962059355;-91.3
7.0613386832809555;-63.30434782608695
16.845503524679813;-76.4
8.595449610113482;-56.44
18.050676690916603;-85.21052631578948
12.100619818835728;-64.14285714285714
37.33486333174396;-88.57894736842105
20.47793693222049;-88.5
18.646454032871773;-92.0
23.650150443496123;-92.5
47.30952432650322;-91.27272727272727
19.99546208518323;-81.83333333333333
10.907428156994662;-62.11764705882353
17.54142964527122;-73.88
20.795492300015407;-91.875
14.929853314751622;-63.52
8.914084417370074;-62.0
6.697294080447715;-61.11538461538461
7.647490830331214;-62.56
26.800216267784112;-64.22727272727273
31.448402248762978;-92.64285714285714
13.90685043422845;-88.44444444444444
15.287862963802363;-68.3076923076923
21.28033129441363;-91.11111111111111
15.592322469728492;-61.95652173913044
5.560116995171954;-61.333333333333336
8.185703879325223;-62.96
10.618009041246856;-70.84615384615384
26.451835323848513;-64.84
32.29684201280367;-92.375
13.79454562499251;-85.94736842105263
6.9232762475579435;-57.96
32.603940390695115;-89.06666666666666
23.27068971904357;-79.05
28.85882915157855;-79.14285714285714
11.02024958882511;-86.0
19.07433479836191;-86.04545454545455
24.025187116857172;-84.81818181818181
35.90837077897019;-79.77272727272727
33.641618629310926;-88.16666666666667
16.702155220210354;-77.5
7.151136553024282;-57.44
23.5564216297807;-85.47619047619048
32.206583488473285;-79.15789473684211
14.299646883752061;-84.3076923076923
21.324967713926323;-82.45454545454545
26.45546476628222;-83.36363636363636
39.14862822628655;-83.875
33.33848382875262;-91.78571428571429
17.772253346157317;-78.625
11.641681751362215;-58.36
17.47509453479437;-84.73684210526316
6.741290677607664;-56.916666666666664
36.619530581371464;-90.17647058823529
16.21820729920542;-92.27777777777777
47.56924523260801;-91.76923076923077
15.214154725123576;-74.91304347826087
8.06312526257654;-65.78571428571429
20.999446516515622;-82.96
9.413847247539127;-57.958333333333336
8.761329864809337;-66.58823529411765
14.112892970613785;-68.4
14.617596108799832;-68.84
19.75124279634069;-67.68
31.57463782848506;-87.76190476190476
13.540624800946226;-68.38888888888889
19.67505783981333;-83.08333333333333
29.03803967212663;-76.04545454545455
29.587397925468203;-80.76190476190476
9.854927295520755;-50.56521739130435
22.953708937772998;-80.88461538461539
9.372327352370915;-59.69565217391305
10.362813372824968;-68.70588235294117
18.538062142521802;-72.6923076923077
19.35582899283831;-72.08333333333333
16.52318347050592;-58.958333333333336
5.92863846089471;-52.84
22.58882309904613;-88.33333333333333
10.652933868188613;-66.95238095238095
32.040068976205404;-87.17391304347827
15.724976979315423;-90.83333333333333
13.397247777062272;-89.29411764705883
18.535792834405544;-94.0
42.3476220347731;-89.45
20.838582101477062;-78.22727272727273
6.245797707258856;-54.90909090909091
16.11312365744147;-73.6
20.261354841174864;-91.3
15.76986112811397;-63.36363636363637
7.59657166095338;-64.92857142857143
6.538176198298728;-61.791666666666664
8.505534433532086;-67.4090909090909
27.27708914088892;-64.65217391304348
13.094674070017932;-89.41666666666667
23.448491507984052;-59.6
6.215861082746299;-71.13636363636364
14.188904115540423;-70.66666666666667
10.857186744272202;-63.166666666666664
20.22330311793798;-77.55
7.490844678672759;-58.32
23.996770616064154;-85.36363636363636
30.24681834507557;-81.08333333333333
12.487709998234264;-86.15384615384616
20.444418504814465;-82.84615384615384
25.442476609009585;-81.33333333333333
37.03308104924569;-81.625
34.14789164794805;-91.73333333333333
17.6997736991183;-75.58823529411765
10.061150729414603;-55.24
16.63904832014139;-83.7
11.474537027697457;-65.8125
38.40244809904702;-90.66666666666667
21.76892052904783;-89.0
19.256849378857385;-92.8
48.55737937739227;-91.5
18.74498610295564;-79.27272727272727
11.301459595999093;-68.47368421052632
4.424788582520073;-57.04
30.863715411466586;-91.84615384615384
18.722847005730728;-73.9047619047619
26.266518992816692;-75.77272727272727
8.278580856644453;-78.8125
13.753917551010694;-82.5
18.82295449710273;-80.14285714285714
34.98647012775081;-81.16
29.55351931665669;-80.47826086956522
11.619121696582749;-76.4375
24.94347116982719;-58.76
5.887947774904257;-63.0
15.217259937321172;-71.41176470588235
50.30713686943434;-92.28571428571429
61.657109014289674;-91.75
10.697406414640886;-63.130434782608695
21.511229369796606;-79.0
19.821900867474845;-83.16
10.696191845699104;-58.17391304347826
7.416731153277702;-60.92857142857143
14.038082062732075;-72.11111111111111
15.08423402099026;-66.47826086956522
20.39361645221367;-57.69565217391305
32.3268735574599;-88.95652173913044
12.552311340944344;-70.14285714285714
20.22030912226616;-77.73684210526316
29.07427983630893;-74.5
29.35224209494055;-75.38888888888889
8.445803218166997;-52.16
21.85675534016886;-82.4
9.601901894937274;-60.083333333333336
9.242721514792057;-74.8125
17.03806761343551;-68.9047619047619
17.91954564156134;-72.9047619047619
17.78042721646474;-62.28
7.313942438931277;-55.8
21.267015046780777;-82.65
9.472328119316815;-67.4
33.142450422381266;-90.36842105263158
17.111835114913887;-88.41666666666667
13.914821163062067;-92.38095238095238
18.908665103597343;-91.2
43.634265113554974;-93.0
19.411401391965498;-78.95454545454545
6.225832394146183;-63.42857142857143
18.980799614347127;-69.96
14.199032361397025;-63.65217391304348
10.281726557344346;-67.26666666666667
7.17354500926843;-67.07407407407408
7.008859821682838;-63.791666666666664
26.40006803021538;-65.16666666666667
31.865843845722967;-91.84615384615384
14.826681658415682;-82.125
6.201431608910962;-61.04347826086956
22.717504264333265;-84.75
30.83384536511786;-75.04166666666667
12.864015741594846;-80.6923076923077
19.902518634584922;-82.25925925925925
25.005631685682324;-82.76923076923077
38.027320336831515;-80.16666666666667
32.75109927926084;-88.04545454545455
16.644308006042184;-76.21052631578948
20.810159874445944;-80.36
10.052488249184876;-56.81818181818182
8.244264733740662;-71.71428571428571
15.538074140639182;-69.07692307692308
16.494608694964544;-71.66666666666667
19.072797172937168;-58.52
33.618175946948696;-84.57142857142857
13.755163394158574;-65.47826086956522
21.606038530929265;-81.05882352941177
30.57249986507482;-77.75
30.83978138703321;-82.08695652173913
8.01271439650759;-48.875
22.93004042735206;-84.2
8.149142286155028;-56.708333333333336
10.352820919923227;-68.15384615384616
17.099758711747953;-74.26923076923077
17.528551451845644;-76.43478260869566
17.03982370800825;-60.84
5.502431644282371;-54.08
31.129534673682485;-91.42857142857143
21.949145769254894;-79.18181818181819
29.473513872628082;-80.1
11.44490720801178;-82.0
18.49232943682326;-81.26086956521739
23.562080044002904;-80.95652173913044
36.93289985906874;-77.96
32.2228878904421;-87.79166666666667
15.579248666094268;-74.15789473684211
13.951693588951844;-69.88
20.974329548283542;-88.70588235294117
16.67058847191664;-63.095238095238095
4.261678190572347;-62.92307692307692
8.596496263013206;-62.541666666666664
11.644832158515637;-68.58333333333333
27.10143154890531;-70.125
32.09604343217401;-92.28571428571429
13.317638266599674;-85.0
8.294200021701913;-60.08
24.79243836333974;-85.26923076923077
31.64503152155169;-78.66666666666667
13.962087988549564;-84.81818181818181
21.83158830685482;-82.86363636363636
26.868747942544697;-83.375
38.18359715898962;-79.75
34.71164795857437;-92.0
18.764380858424293;-77.5625
32.89548227340648;-86.16
14.6626232305137;-68.65217391304348
21.096632456389813;-77.72727272727273
30.538037723468744;-74.73913043478261
31.06367840420706;-78.6086956521739
9.486389829645418;-49.04
21.934715726446058;-80.875
8.675512664966838;-58.68181818181818
9.47211174976309;-67.05555555555556
15.605696011392764;-68.56
16.068979930288044;-67.84
18.384330066662752;-64.66666666666667
5.3861631984187035;-50.52
21.37977850680404;-91.13333333333334
12.634278768493278;-71.42105263157895
34.17809269107918;-90.36363636363636
17.139687890973978;-87.4
16.287241878230947;-92.78947368421052
21.477793555204872;-92.07692307692308
43.98746516906834;-92.5
21.917721231916428;-80.41666666666667
9.227675167668181;-65.8
17.477178090298217;-57.92
9.975616722789624;-81.66666666666667
11.196651285094127;-62.55555555555556
44.11947438490173;-90.85714285714286
23.537337317547202;-92.0
13.291143818347615;-71.52380952380952
15.458912930733518;-75.6
3.30511028560319;-54.12
29.455049295494312;-91.0952380952381
17.31430044789567;-70.43478260869566
27.10693675058102;-82.35
9.331393304324923;-81.94444444444444
13.278036300598067;-86.11538461538461
18.47337586907168;-88.88888888888889
36.16187345810501;-84.875
28.08854755945918;-82.8695652173913
10.38051005490578;-70.21052631578948
15.98770633955978;-57.76923076923077
11.224167185141177;-74.04761904761905
10.84550598174193;-56.90909090909091
42.93217930643633;-91.66666666666667
53.67803174483953;-92.33333333333333
14.233710127721446;-73.61538461538461
14.412737040548542;-74.26315789473684
11.402269686338768;-68.32
20.677584481752216;-89.0
18.999592627211772;-65.91304347826087
2.48110882469915;-65.5909090909091
10.059212096382103;-63.791666666666664
13.95786932164075;-70.0909090909091
28.59306895035928;-69.79166666666667
31.90291528998565;-92.16666666666667
12.845212688001705;-87.35714285714286
9.27225722248903;-57.92
25.651218294654154;-86.28571428571429
33.05217118435641;-82.0625
15.441402170787471;-84.42857142857143
23.232783905507322;-82.73913043478261
28.302643268783214;-86.25925925925925
39.35765607858273;-83.45454545454545
35.33013591822143;-90.85
19.88522036588984;-80.54545454545455
20.428895075358334;-75.24
22.131708022653832;-91.3
13.59501820521032;-59.166666666666664
11.681904853233481;-70.0
7.909851326036414;-68.875
6.653128286753533;-59.31818181818182
26.08017622639847;-63.875
32.34751928664701;-92.64285714285714
15.835418813533161;-85.0625
3.082491524724764;-45.64
23.805523077638938;-92.88888888888889
15.826086060678428;-77.77272727272727
33.3986230255081;-88.66666666666667
15.690312329587323;-91.0
17.324729377395773;-93.0
42.481514709341525;-88.51851851851852
25.270427459779942;-84.72727272727273
11.356407398468937;-62.0
20.520690875309242;-63.88
11.535377280349351;-77.14285714285714
8.853530369293368;-64.05263157894737
44.13191611521077;-92.0
22.876762183490914;-92.85714285714286
7.893446902336141;-68.65384615384616
15.460271310685334;-73.33333333333333
13.110063081465322;-58.28
16.291406599799785;-75.47368421052632
6.299603162104736;-55.52173913043478
37.82652534928367;-92.0
22.802958163361176;-89.0
17.180403022048115;-92.66666666666667
48.90256733546819;-91.28571428571429
13.857362808269114;-69.31818181818181
9.0975265319756;-69.55555555555556
2.076476342268315;-49.88
26.723415369297392;-89.04761904761905
18.151721681427357;-72.58823529411765
31.67421695953982;-84.78947368421052
13.660377044576771;-87.33333333333333
17.417641861055703;-85.85
22.71690154928704;-90.83333333333333
40.18610570831665;-90.16666666666667
28.017539220995126;-83.89473684210526
12.687237248510803;-75.26666666666667
12.652302320131303;-64.64
20.77239755059584;-89.1875
17.810011791124676;-65.8
3.14784068847202;-59.40909090909091
9.235461439473395;-67.79166666666667
12.765661596642769;-64.42857142857143
27.816822104618637;-61.041666666666664
31.9644490645467;-90.81818181818181
12.997287755528074;-84.0625
27.3752945920222;-85.75
8.716910002976972;-66.16666666666667
14.90036580087885;-77.73333333333333
23.083711746597427;-72.88
23.417987018529153;-68.92
12.03509833777855;-57.125
23.34475859802367;-76.68
23.77335693586415;-93.0
12.835440000249308;-60.666666666666664
14.542107859591745;-68.26315789473684
9.913513403430693;-72.36
6.931386297127005;-63.785714285714285
25.6924033908858;-61.041666666666664
18.058806411277573;-89.75
4.3412848328576645;-50.4
22.35472945486033;-89.17647058823529
14.754829717756827;-78.625
34.32672457430216;-90.375
17.4723280646856;-89.27777777777777
22.747387014776002;-93.5
43.661276802219156;-90.0
23.919667723444658;-81.19047619047619
10.941617293617977;-56.06666666666667
25.16350043217358;-75.64
25.872040893597863;-92.0
11.207342236230675;-61.08
15.690312329587323;-75.0
12.031115825225855;-71.27272727272727
8.872548450135396;-58.0
24.128480930220206;-59.875
35.490787593402324;-93.5
20.16927090898429;-88.52941176470588
27.721701859734367;-84.33333333333333
10.743208086972905;-63.91304347826087
15.49928711263844;-78.71428571428571
24.53804694754658;-75.56521739130434
25.175387107252195;-77.32
12.062486974086232;-53.5
10.219723773175085;-63.8
20.69136293239283;-89.13636363636364
20.230484917569328;-65.54166666666667
2.6273372451971215;-64.85714285714286
11.026411383582603;-66.70370370370371
15.204674149747502;-75.76923076923077
29.425356276517707;-65.76
31.91184739246539;-91.42857142857143
12.867380813514458;-81.41176470588235
18.64166714647593;-74.16
23.5896693491028;-90.0
12.477520587039718;-65.82608695652173
8.054868155345561;-58.529411764705884
9.647888266351348;-66.33333333333333
10.346985841296972;-69.04166666666667
23.94776799620374;-67.66666666666667
34.356804333348585;-93.5
16.44379788856577;-88.0
21.883983960878787;-75.16
13.135315755626127;-61.90909090909091
13.104194023288878;-65.05882352941177
8.841478835579487;-67.3913043478261
6.626018110449141;-63.21739130434783
25.84352127710154;-62.73913043478261
32.89060662256019;-92.73333333333333
16.917165513170342;-88.92857142857143
26.482782217886395;-84.68181818181819
10.088236714114117;-60.95238095238095
14.151604184685212;-76.23529411764706
23.038050004286386;-74.84210526315789
23.712066885870577;-74.61904761904762
13.062602803423214;-58.36
5.461662201198459;-51.84
21.94139760817437;-89.95
11.589003408404022;-67.92857142857143
33.092355914923914;-85.68181818181819
16.37900793699057;-87.6923076923077
14.836786983710455;-92.77777777777777
20.00463986179206;-91.0952380952381
43.14926525446291;-88.05263157894737
21.3322878285476;-84.625
7.734984744652054;-65.45833333333333
18.96830920245661;-63.12
8.805903076913804;-68.55555555555556
11.730515760187187;-60.45454545454545
45.32531323664515;-90.83333333333333
24.579305279035047;-94.0
12.458350773677871;-69.45833333333333
16.574950648493648;-74.82352941176471
2.667162162299098;-49.84
26.667619485060907;-85.52380952380952
14.552147607827514;-66.33333333333333
28.94819545325753;-87.1
11.73264254121807;-88.18181818181819
12.809303181672297;-89.9090909090909
18.129799116371917;-88.41666666666667
38.58026816910427;-83.65217391304348
25.170985360132413;-79.36363636363636
8.17049502784256;-64.47058823529412
14.50040530468028;-60.629629629629626
12.528005787035701;-80.17391304347827
10.695092332467262;-56.23809523809524
41.76500951753752;-90.83333333333333
15.265729723796372;-69.0
13.452731655689858;-73.23529411764706
8.26557644692734;-59.96
24.458638555733227;-88.34782608695652
33.590207203886074;-78.95454545454545
15.747282336962146;-86.33333333333333
22.757377880590727;-81.5909090909091
27.91060042349501;-87.82608695652173
40.294578940596956;-85.86363636363636
33.981973221106514;-94.0
18.951859776813464;-79.46666666666667
28.575544684222557;-84.88
9.46723402055743;-64.3913043478261
16.18582407540623;-78.41176470588235
24.580922439973644;-73.20833333333333
24.898596667282273;-68.4
10.941462059523856;-52.0
17.304414292312813;-75.04347826086956
13.471322132589659;-57.17391304347826
6.567183642932486;-59.5625
9.538120779273033;-69.34615384615384
10.996368309582943;-67.16666666666667
24.480269442961614;-59.68
34.03615730366752;-93.0
